City_ID,City,Country,Date,Lat,Lng,Max Temp,Humidity,Cloudiness,Wind Speed
0,Victoria,HK,2022-09-26 03:20:39,22.2855,114.1577,89.96,63,16,5.99
1,Ostrovnoy,RU,2022-09-26 03:26:18,68.0531,39.5131,39.61,84,99,9.51
2,Punta Arenas,CL,2022-09-26 03:21:58,-53.15,-70.9167,42.91,70,75,11.5
3,Qaanaaq,GL,2022-09-26 03:26:18,77.484,-69.3632,30.07,86,100,7.94
4,Nuevo Progreso,MX,2022-09-26 03:26:19,23.1667,-97.95,78.48,75,11,3.42
5,Kihei,US,2022-09-26 03:22:07,20.785,-156.4656,89.62,69,40,8.05
6,Maunabo,PR,2022-09-26 03:26:20,18.0072,-65.8993,82.22,84,100,8.93
7,Troy,US,2022-09-26 03:25:55,42.6056,-83.1499,55.54,87,0,4.61
8,Chokurdakh,RU,2022-09-26 03:26:21,70.6333,147.9167,33.21,65,82,14.03
9,Esna,EG,2022-09-26 03:26:21,25.2934,32.554,78.82,19,0,5.53
10,Ushuaia,AR,2022-09-26 03:18:16,-54.8,-68.3,46.06,61,75,3.44
11,Bluff,NZ,2022-09-26 03:26:22,-46.6,168.3333,55.65,75,76,8.12
12,Zhigansk,RU,2022-09-26 03:26:22,66.7697,123.3711,33.46,97,100,1.66
13,Itarema,BR,2022-09-26 03:25:19,-2.9248,-39.9167,77.92,79,5,13.96
14,Ixtapa,MX,2022-09-26 03:26:23,20.7,-105.2,83.43,84,100,2.3
15,Coquimbo,CL,2022-09-26 03:26:23,-29.9533,-71.3436,51.53,87,20,8.05
16,Tasiilaq,GL,2022-09-26 03:26:23,65.6145,-37.6368,41.16,68,99,2.68
17,Kulhudhuffushi,MV,2022-09-26 03:26:24,6.6221,73.07,82.51,74,100,11.61
18,Rikitea,PF,2022-09-26 03:19:36,-23.1203,-134.9692,68.67,60,0,13.15
19,Hobart,AU,2022-09-26 03:20:37,-42.8794,147.3294,63.27,55,75,6.91
20,Eureka,US,2022-09-26 03:26:25,40.8021,-124.1637,67.68,89,5,4.52
21,Butaritari,KI,2022-09-26 03:21:59,3.0707,172.7902,82.13,72,97,9.4
22,Bredasdorp,ZA,2022-09-26 03:22:01,-34.5322,20.0403,53.02,95,100,3.69
23,Mount Gambier,AU,2022-09-26 03:26:26,-37.8333,140.7667,55.31,94,75,13.8
24,Barrow,US,2022-09-26 03:26:26,71.2906,-156.7887,30.22,69,100,10.36
25,Sayyan,YE,2022-09-26 03:26:26,15.1718,44.3244,59.02,27,69,6.98
26,Mar Del Plata,AR,2022-09-26 03:20:12,-38.0023,-57.5575,56.08,97,20,3.44
27,Kaitangata,NZ,2022-09-26 03:26:27,-46.2817,169.8464,58.87,73,91,5.68
28,Yellowknife,CA,2022-09-26 03:22:04,62.456,-114.3525,43.32,75,20,9.22
29,Codrington,AU,2022-09-26 03:26:27,-38.2667,141.9667,52.34,95,100,6.17
30,Tiznit,MA,2022-09-26 03:26:28,29.5833,-9.5,65.32,92,100,3.22
31,Olinda,BR,2022-09-26 03:26:28,-8.0089,-34.8553,78.53,69,40,9.22
32,Mataura,NZ,2022-09-26 03:22:04,-46.1927,168.8643,64.72,63,86,2.35
33,Lebu,CL,2022-09-26 03:26:29,-37.6167,-73.65,48.6,85,100,10.2
34,Nanortalik,GL,2022-09-26 03:26:29,60.1432,-45.2371,48.96,98,100,16.31
35,Vestmannaeyjar,IS,2022-09-26 03:26:29,63.4427,-20.2734,44.28,73,2,13.76
36,Atuona,PF,2022-09-26 03:22:07,-9.8,-139.0333,77.07,78,24,19.66
37,Hilo,US,2022-09-26 03:26:30,19.7297,-155.09,80.33,77,75,5.75
38,Pahrump,US,2022-09-26 03:23:12,36.2083,-115.9839,87.26,12,0,5.01
39,Ilulissat,GL,2022-09-26 03:21:57,69.2167,-51.1,37.42,65,100,1.14
40,Nicoya,CR,2022-09-26 03:26:31,10.1483,-85.452,74.53,97,100,0.65
41,Severo-Kurilsk,RU,2022-09-26 03:22:06,50.6789,156.125,50.45,85,95,20.45
42,Cape Town,ZA,2022-09-26 03:22:27,-33.9258,18.4232,58.08,87,75,5.75
43,Jamestown,US,2022-09-26 03:27:16,42.097,-79.2353,55.04,75,100,10.0
44,Havelock,US,2022-09-26 03:27:32,34.8791,-76.9013,78.94,75,20,12.66
45,Saint-Philippe,RE,2022-09-26 03:21:59,-21.3585,55.7679,69.39,78,51,11.43
46,Basco,PH,2022-09-26 03:27:32,20.4487,121.9702,82.51,82,36,21.52
47,Agadez,NE,2022-09-26 03:27:33,19.75,10.25,86.34,18,65,11.05
48,Cabo San Lucas,MX,2022-09-26 03:23:19,22.8909,-109.9124,85.05,75,30,1.99
49,Petropavlovsk-Kamchatskiy,RU,2022-09-26 03:23:12,53.0452,158.6483,50.59,93,100,4.47
50,Thompson,CA,2022-09-26 03:27:33,55.7435,-97.8558,28.56,86,0,2.3
51,Sorland,NO,2022-09-26 03:27:34,67.667,12.6934,55.26,76,8,20.13
52,Luis Correia,BR,2022-09-26 03:27:34,-2.8792,-41.6669,77.85,78,14,12.53
53,Katangli,RU,2022-09-26 03:27:34,51.7102,143.2326,52.18,72,35,12.46
54,Aracatuba,BR,2022-09-26 03:27:35,-21.2089,-50.4328,74.68,39,43,8.37
55,Albany,US,2022-09-26 03:27:26,42.6001,-73.9662,59.59,92,96,2.73
56,Puerto Ayora,EC,2022-09-26 03:27:35,-0.7393,-90.3518,66.54,94,100,8.99
57,Goderich,CA,2022-09-26 03:27:36,43.7501,-81.7165,58.91,77,97,16.11
58,Hithadhoo,MV,2022-09-26 03:22:08,-0.6,73.0833,81.64,73,100,13.69
59,Cam Ranh,VN,2022-09-26 03:23:47,11.9214,109.1591,87.76,55,20,2.3
60,Kodiak,US,2022-09-26 03:27:36,57.79,-152.4072,51.31,82,100,5.75
61,Huambo,AO,2022-09-26 03:27:36,-12.7761,15.7392,60.4,83,69,2.64
62,Avarua,CK,2022-09-26 03:27:37,-21.2078,-159.775,77.05,73,78,12.66
63,Vaini,TO,2022-09-26 03:22:01,-21.2,-175.2,71.76,100,100,6.91
64,Port Elizabeth,ZA,2022-09-26 03:27:37,-33.918,25.5701,61.32,84,75,6.91
65,Hami,CN,2022-09-26 03:27:38,42.8,93.45,79.05,11,11,9.98
66,Constitucion,CL,2022-09-26 03:27:38,-35.3333,-72.4167,48.34,75,100,5.61
67,Bonavista,CA,2022-09-26 03:27:38,48.6499,-53.1147,53.46,80,25,19.82
68,Saint-Augustin,CA,2022-09-26 03:27:39,51.226,-58.6502,45.1,80,6,13.78
69,Shenjiamen,CN,2022-09-26 03:27:39,29.9576,122.298,72.16,72,83,8.75
70,La Asuncion,VE,2022-09-26 03:27:39,11.0333,-63.8628,82.13,83,74,10.36
71,Ribeira Grande,PT,2022-09-26 03:22:11,38.5167,-28.7,71.1,69,75,14.16
72,Mumford,GH,2022-09-26 03:27:40,5.2618,-0.759,74.91,92,43,10.65
73,Faanui,PF,2022-09-26 03:27:40,-16.4833,-151.75,78.24,76,13,21.47
74,Moron,AR,2022-09-26 03:27:41,-34.6534,-58.6198,60.96,88,93,4.63
75,Moorhead,US,2022-09-26 03:27:41,46.8739,-96.7676,51.98,62,0,5.75
76,Celestun,MX,2022-09-26 03:27:41,20.8667,-90.4,80.56,78,34,13.44
77,Gladstone,AU,2022-09-26 03:27:42,-23.85,151.25,82.78,53,8,11.5
78,Kapaa,US,2022-09-26 03:22:09,22.0752,-159.319,82.72,76,20,5.75
79,Kastamonu,TR,2022-09-26 03:27:42,41.5,33.6667,45.7,61,0,0.47
80,Saldanha,ZA,2022-09-26 03:27:42,-33.0117,17.9442,55.45,84,94,9.01
81,Bambous Virieux,MU,2022-09-26 03:27:43,-20.3428,57.7575,72.21,88,40,16.11
82,Marsh Harbour,BS,2022-09-26 03:27:43,26.5412,-77.0636,84.13,70,15,10.22
83,College,US,2022-09-26 03:27:44,64.8569,-147.8028,51.75,56,40,3.44
84,Sarandi,BR,2022-09-26 03:27:44,-23.4436,-51.8739,58.55,88,75,20.71
85,Khandyga,RU,2022-09-26 03:27:44,62.6667,135.6,38.61,96,100,1.7
86,Lorengau,PG,2022-09-26 03:27:45,-2.0226,147.2712,86.2,61,0,10.49
87,Kawalu,ID,2022-09-26 03:27:45,-7.3817,108.2082,78.42,78,100,5.99
88,Port Blair,IN,2022-09-26 03:27:45,11.6667,92.75,86.04,70,40,9.22
89,Puerto Ayacucho,VE,2022-09-26 03:28:46,5.6639,-67.6236,76.26,85,97,3.62
90,Alyangula,AU,2022-09-26 03:28:46,-13.8483,136.4192,86.04,60,67,10.27
91,Mnogovershinnyy,RU,2022-09-26 03:28:46,53.9353,139.9242,49.71,82,100,9.08
92,Flinders,AU,2022-09-26 03:28:47,-34.5833,150.8552,68.18,60,100,5.01
93,Bengkulu,ID,2022-09-26 03:28:47,-3.8004,102.2655,82.56,71,90,6.55
94,Mahajanga,MG,2022-09-26 03:28:47,-15.7167,46.3167,68.02,73,20,3.44
95,Vila Velha,BR,2022-09-26 03:25:59,-20.3297,-40.2925,67.95,91,75,2.3
96,Cidreira,BR,2022-09-26 03:28:48,-30.1811,-50.2056,61.43,89,100,13.04
97,Lincoln,US,2022-09-26 03:28:48,40.8,-96.667,64.35,52,0,6.91
98,Dayong,CN,2022-09-26 03:28:49,25.0209,118.2898,80.62,57,100,2.77
99,Bloemfontein,ZA,2022-09-26 03:28:49,-29.1211,26.214,56.68,82,98,8.05
100,East London,ZA,2022-09-26 03:28:50,-33.0153,27.9116,59.94,94,75,1.14
101,Port Alfred,ZA,2022-09-26 03:21:56,-33.5906,26.891,59.18,90,100,1.99
102,Khatanga,RU,2022-09-26 03:28:50,71.9667,102.5,29.07,92,100,14.56
103,Taksimo,RU,2022-09-26 03:28:50,56.3444,114.8794,42.64,44,2,1.97
104,San Patricio,US,2022-09-26 03:28:51,28.017,-97.5169,84.09,67,34,6.69
105,Vallenar,CL,2022-09-26 03:26:17,-28.5708,-70.7581,58.96,47,30,1.57
106,Praia Da Vitoria,PT,2022-09-26 03:28:51,38.7333,-27.0667,68.76,77,20,16.26
107,Mosquera,CO,2022-09-26 03:28:52,4.7059,-74.2302,51.89,82,20,5.75
108,Ugoofaaru,MV,2022-09-26 03:28:52,5.6667,73.0,82.11,74,64,10.67
109,Busselton,AU,2022-09-26 03:28:52,-33.65,115.3333,60.58,63,0,4.09
110,Nouadhibou,MR,2022-09-26 03:28:53,20.931,-17.0347,75.0,91,11,5.23
111,Hermanus,ZA,2022-09-26 03:22:00,-34.4187,19.2345,53.8,89,97,6.64
112,Belmonte,BR,2022-09-26 03:28:53,-15.8631,-38.8828,73.15,92,80,7.52
113,Fukue,JP,2022-09-26 03:28:54,32.6881,128.8419,79.16,73,75,6.91
114,Ponta Delgada,PT,2022-09-26 03:28:54,37.7333,-25.6667,67.5,72,75,8.05
115,Zavallya,UA,2022-09-26 03:28:54,48.2135,30.0156,53.53,56,100,6.08
116,Vardo,NO,2022-09-26 03:28:55,70.3705,31.1107,40.98,87,48,3.44
117,Kasempa,ZM,2022-09-26 03:28:55,-13.4584,25.8338,67.28,41,13,9.71
118,Beloha,MG,2022-09-26 03:28:55,-25.1667,45.05,68.4,65,0,6.78
119,Tefe,BR,2022-09-26 03:28:56,-3.3542,-64.7114,76.19,83,8,2.59
120,Geraldton,AU,2022-09-26 03:28:56,-28.7667,114.6,72.01,35,0,13.8
121,Sola,VU,2022-09-26 03:28:56,-13.8833,167.55,84.87,84,75,0.0
122,Olafsvik,IS,2022-09-26 03:22:02,64.8945,-23.7142,44.02,57,3,5.53
123,Ahipara,NZ,2022-09-26 03:28:57,-35.1667,173.1667,63.3,68,92,15.14
124,Sao Joao Da Barra,BR,2022-09-26 03:28:57,-21.6403,-41.0511,69.58,78,90,12.88
125,Mana,GF,2022-09-26 03:28:57,5.6592,-53.7767,78.69,85,5,11.27
126,Owando,CG,2022-09-26 03:28:58,-0.4819,15.8999,69.24,97,28,3.06
127,Berlevag,NO,2022-09-26 03:28:58,70.8578,29.0864,41.0,87,1,6.91
128,Karratha,AU,2022-09-26 03:28:58,-20.7377,116.8463,86.32,23,10,20.76
129,Ponta Do Sol,PT,2022-09-26 03:28:59,32.6667,-17.1,70.72,74,24,9.31
130,Lompoc,US,2022-09-26 03:28:59,34.6391,-120.4579,64.54,91,100,8.05
131,Centerville,US,2022-09-26 03:27:26,39.6284,-84.1594,60.66,83,75,5.75
132,Luanda,AO,2022-09-26 03:29:00,-8.8368,13.2343,70.65,86,89,7.43
133,Sinop,TR,2022-09-26 03:29:00,41.7711,34.8709,55.09,51,0,9.17
134,Talnakh,RU,2022-09-26 03:30:00,69.4865,88.3972,25.21,64,50,1.86
135,Pandan,PH,2022-09-26 03:30:01,14.0453,124.1694,86.83,67,98,4.68
136,Cherskiy,RU,2022-09-26 03:30:01,68.75,161.3,36.66,51,9,4.23
137,Richards Bay,ZA,2022-09-26 03:30:02,-28.783,32.0377,69.62,77,2,4.83
138,Malanje,AO,2022-09-26 03:30:02,-9.5402,16.341,63.5,94,43,3.33
139,Brooks,CA,2022-09-26 03:30:03,50.5834,-111.8851,58.03,65,24,0.0
140,Paracuru,BR,2022-09-26 03:30:03,-3.41,-39.0306,80.11,78,1,11.86
141,New Norfolk,AU,2022-09-26 03:30:04,-42.7826,147.0587,62.92,66,67,3.04
142,Mahibadhoo,MV,2022-09-26 03:30:04,3.7833,72.9667,82.29,73,93,14.09
143,Hasaki,JP,2022-09-26 03:30:05,35.7333,140.8333,84.29,67,3,11.77
144,Xicotencatl,MX,2022-09-26 03:30:06,23.0167,-98.8833,74.48,88,89,4.36
145,Phalodi,IN,2022-09-26 03:30:06,27.1333,72.3667,85.6,53,54,10.16
146,Tukrah,LY,2022-09-26 03:30:07,32.5341,20.5791,71.19,68,6,4.56
147,Pisco,PE,2022-09-26 03:22:06,-13.7,-76.2167,59.05,82,0,9.22
148,Sortland,NO,2022-09-26 03:30:07,68.6949,15.4162,55.36,79,11,6.11
149,Iberia,US,2022-09-26 03:30:08,29.9502,-91.7507,82.06,78,0,3.44
150,Airai,TL,2022-09-26 03:22:03,-8.9266,125.4092,81.3,27,84,2.95
151,Mahebourg,MU,2022-09-26 03:30:09,-20.4081,57.7,73.26,88,40,16.11
152,Klaksvik,FO,2022-09-26 03:30:10,62.2266,-6.589,41.92,85,100,49.53
153,Sorbhog,IN,2022-09-26 03:30:10,26.5,90.8667,83.84,72,79,7.99
154,Bull Savanna,JM,2022-09-26 03:30:11,17.8868,-77.5902,77.45,88,100,13.47
155,Hualmay,PE,2022-09-26 03:30:11,-11.0964,-77.6139,60.49,85,78,9.78
156,Hua Hin,TH,2022-09-26 03:30:12,12.5707,99.9588,88.02,97,40,2.3
157,Kavieng,PG,2022-09-26 03:30:13,-2.5744,150.7967,84.81,68,14,10.49
158,Kodinsk,RU,2022-09-26 03:30:15,58.6881,99.1844,37.51,82,100,4.23
159,Meiganga,CM,2022-09-26 03:30:15,6.5167,14.3,63.99,95,100,1.41
160,Navlya,RU,2022-09-26 03:30:15,52.8281,34.4989,39.34,82,95,4.74
161,Touros,BR,2022-09-26 03:22:02,-5.1989,-35.4608,75.85,80,0,12.8
162,Kalmunai,LK,2022-09-26 03:30:16,7.4167,81.8167,85.1,61,93,2.95
163,Ordu,TR,2022-09-26 03:30:17,40.9086,37.6845,41.5,50,0,6.62
164,Yerbogachen,RU,2022-09-26 03:30:17,61.2767,108.0108,35.56,81,100,4.65
165,Hyeres,FR,2022-09-26 03:30:18,43.1167,6.1167,61.74,72,0,0.0
166,Awjilah,LY,2022-09-26 03:30:18,29.1081,21.2869,71.83,68,0,7.16
167,Kemijarvi,FI,2022-09-26 03:30:18,66.7131,27.4306,39.45,92,100,6.06
168,Nowy Dwor Gdanski,PL,2022-09-26 03:30:19,54.2131,19.1177,51.67,83,40,7.07
169,Pitmoaga,BF,2022-09-26 03:30:19,12.2397,-1.8767,76.62,79,85,6.89
170,Rafraf,TN,2022-09-26 03:30:20,37.1904,10.1837,71.91,83,100,2.28
171,Tiksi,RU,2022-09-26 03:22:08,71.6872,128.8694,35.06,76,100,24.18
172,Dikson,RU,2022-09-26 03:22:00,73.5069,80.5464,32.72,80,100,17.34
173,Pevek,RU,2022-09-26 03:30:20,69.7008,170.3133,33.58,66,33,4.68
174,Omsukchan,RU,2022-09-26 03:30:21,62.5333,155.8,35.64,64,15,0.87
175,Lahaina,US,2022-09-26 03:30:02,20.8783,-156.6825,89.6,80,15,6.58
176,Port Hardy,CA,2022-09-26 03:30:22,50.6996,-127.4199,55.58,100,0,0.0
177,Maniitsoq,GL,2022-09-26 03:30:22,65.4167,-52.9,43.93,92,100,11.3
178,Maumere,ID,2022-09-26 03:30:23,-8.6199,122.2111,86.02,61,35,3.78
179,Vila Franca Do Campo,PT,2022-09-26 03:31:23,37.7167,-25.4333,67.19,75,78,9.69
180,Mareeba,AU,2022-09-26 03:31:24,-17.0,145.4333,90.45,52,7,10.11
181,Sakakah,SA,2022-09-26 03:31:24,29.9697,40.2064,76.57,38,0,6.31
182,Kruisfontein,ZA,2022-09-26 03:21:57,-34.0033,24.7314,56.88,88,100,5.35
183,Aripuana,BR,2022-09-26 03:31:25,-9.1667,-60.6333,77.59,48,21,0.51
184,Aklavik,CA,2022-09-26 03:31:26,68.2191,-135.0107,37.65,84,100,3.0
185,Calama,CL,2022-09-26 03:31:26,-22.4667,-68.9333,37.89,13,0,18.41
186,Tuktoyaktuk,CA,2022-09-26 03:31:27,69.4541,-133.0374,32.0,80,100,11.5
187,Kuching,MY,2022-09-26 03:31:27,1.55,110.3333,84.42,79,40,8.05
188,Itoman,JP,2022-09-26 03:31:28,26.1247,127.6694,89.98,71,75,10.36
189,Ancud,CL,2022-09-26 03:31:28,-41.8697,-73.8203,50.23,94,100,17.67
190,Ous,RU,2022-09-26 03:31:28,60.9058,61.5186,31.82,67,7,10.38
191,Isangel,VU,2022-09-26 03:31:29,-19.55,169.2667,78.91,89,40,4.61
192,Iqaluit,CA,2022-09-26 03:31:29,63.7506,-68.5145,29.93,86,0,9.22
193,Norman Wells,CA,2022-09-26 03:31:30,65.282,-126.8329,41.04,81,40,3.44
194,Cap-Aux-Meules,CA,2022-09-26 03:27:57,47.3821,-61.8597,57.22,72,100,11.5
195,Terre Haute,US,2022-09-26 03:31:30,39.4667,-87.4139,61.97,77,40,5.75
196,Arkhangelskaya,RU,2022-09-26 03:31:31,45.6796,40.2754,52.21,85,79,7.45
197,Haines Junction,CA,2022-09-26 03:31:31,60.7522,-137.5108,46.35,61,100,2.3
198,Oktyabrskoye,RU,2022-09-26 03:31:31,43.0645,44.7417,37.54,93,4,4.47
199,Paamiut,GL,2022-09-26 03:31:32,61.994,-49.6678,45.37,95,100,20.18
200,Kirovsk,UA,2022-09-26 03:31:32,48.6375,38.6428,51.13,59,99,5.59
201,Laguna,US,2022-09-26 03:31:32,38.421,-121.4238,86.31,50,0,6.91
202,Saint Stephen,GB,2022-09-26 03:29:32,50.3333,-4.9,59.27,94,75,21.85
203,Port Augusta,AU,2022-09-26 03:31:33,-32.5,137.7667,61.99,65,98,18.3
204,Ushtobe,KZ,2022-09-26 03:31:33,45.2514,77.9838,80.11,20,0,9.19
205,Kristiansund,NO,2022-09-26 03:31:34,63.1115,7.732,52.45,62,20,5.75
206,Georgetown,MY,2022-09-26 03:31:34,5.4112,100.3354,87.75,66,20,5.01
207,Namibe,AO,2022-09-26 03:31:35,-15.1961,12.1522,63.14,72,84,7.14
208,Gangtok,IN,2022-09-26 03:31:36,27.3333,88.6167,68.07,83,98,3.11
209,Basna,IN,2022-09-26 03:27:00,21.2833,82.8167,80.06,78,95,1.03
210,Moree,AU,2022-09-26 03:31:36,-29.4667,149.85,72.18,35,100,8.01
211,North Platte,US,2022-09-26 03:31:37,41.1239,-100.7654,61.38,53,0,8.01
212,Chipata,ZM,2022-09-26 03:31:37,-13.6333,32.65,64.72,54,3,6.67
213,Pacific Grove,US,2022-09-26 03:31:38,36.6177,-121.9166,61.21,86,100,3.44
214,Nikolskoye,RU,2022-09-26 03:31:38,59.7035,30.7861,46.29,96,99,2.24
215,Kashi,CN,2022-09-26 03:31:38,39.4547,75.9797,69.01,40,0,2.24
216,Lucapa,AO,2022-09-26 03:31:39,-8.4192,20.7447,66.94,80,100,1.5
217,Petauke,ZM,2022-09-26 03:31:39,-14.2426,31.3253,65.8,50,6,4.94
218,Namatanai,PG,2022-09-26 03:31:40,-3.6667,152.4333,85.14,65,9,6.6
219,Imeni Poliny Osipenko,RU,2022-09-26 03:31:40,52.4201,136.4853,59.81,73,78,13.38
220,Plettenberg Bay,ZA,2022-09-26 03:32:40,-34.0527,23.3716,58.77,84,100,2.08
221,Mersing,MY,2022-09-26 03:32:41,2.4312,103.8405,87.71,74,40,5.75
222,Hobyo,SO,2022-09-26 03:32:41,5.3505,48.5268,77.41,81,26,14.27
223,Jiaozuo,CN,2022-09-26 03:32:42,35.2397,113.2331,82.8,22,69,5.5
224,Tuatapere,NZ,2022-09-26 03:32:42,-46.1333,167.6833,60.1,65,85,2.35
225,Camacha,PT,2022-09-26 03:32:42,33.0833,-16.3333,67.42,64,20,13.8
226,Barberton,ZA,2022-09-26 03:32:43,-25.7884,31.0532,62.65,47,0,3.65
227,Bara,NG,2022-09-26 03:32:43,10.3744,10.7288,74.1,88,93,5.66
228,Arraial Do Cabo,BR,2022-09-26 03:32:43,-22.9661,-42.0278,68.13,84,68,20.2
229,Kibala,TD,2022-09-26 03:32:44,9.1104,18.3463,72.36,94,100,3.27
230,Acapulco,MX,2022-09-26 03:32:44,16.8634,-99.8901,80.42,83,100,6.91
231,Diu,IN,2022-09-26 03:32:44,20.7141,70.9822,80.47,71,59,4.0
232,Baykit,RU,2022-09-26 03:32:45,61.67,96.37,34.25,67,100,2.68
233,Khani,GE,2022-09-26 03:32:45,41.9563,42.9566,42.37,61,0,5.79
234,Vershino-Darasunskiy,RU,2022-09-26 03:32:45,52.35,115.5167,43.12,45,65,1.74
235,Tuy Hoa,VN,2022-09-26 03:29:53,13.0833,109.3,82.71,76,100,7.96
236,San Cristobal,VE,2022-09-26 03:32:46,7.7669,-72.225,69.98,93,42,1.72
237,Cartagena Del Chaira,CO,2022-09-26 03:32:46,1.3349,-74.8429,74.05,79,99,2.01
238,Moranbah,AU,2022-09-26 03:32:47,-22.0016,148.0466,87.6,32,6,4.36
239,Upernavik,GL,2022-09-26 03:32:47,72.7868,-56.1549,33.19,62,99,6.29
240,Rudnichnyy,RU,2022-09-26 03:32:47,59.617,52.4703,37.04,82,100,14.38
241,Ust-Maya,RU,2022-09-26 03:32:48,60.4167,134.5333,37.92,98,100,5.01
242,Dezful,IR,2022-09-26 03:32:48,32.3811,48.4058,84.07,22,0,2.71
243,Devils Lake,US,2022-09-26 03:32:49,48.1128,-98.8651,50.95,64,0,8.05
244,Alberdi,AR,2022-09-26 03:32:49,-32.8899,-60.6906,61.03,55,0,3.44
245,Waddan,LY,2022-09-26 03:32:49,29.1614,16.139,75.04,39,0,6.96
246,Andradina,BR,2022-09-26 03:32:43,-20.8961,-51.3794,74.35,39,63,4.23
247,Tongren,CN,2022-09-26 03:32:50,27.7172,109.1853,85.91,45,62,2.33
248,Fundata,RO,2022-09-26 03:32:50,45.4367,25.2751,40.51,78,96,5.23
249,Sitka,US,2022-09-26 03:32:51,57.0531,-135.33,55.29,94,100,0.0
250,Waitati,NZ,2022-09-26 03:32:51,-45.75,170.5667,54.81,78,100,7.23
251,Gua Musang,MY,2022-09-26 03:32:51,4.8823,101.9644,89.56,55,90,2.42
252,Gushikawa,JP,2022-09-26 03:32:52,26.3544,127.8686,89.19,72,75,11.5
253,Urubicha,BO,2022-09-26 03:32:52,-15.3833,-62.95,76.87,52,40,1.77
254,Forbes,AU,2022-09-26 03:32:52,-33.3833,148.0167,63.95,67,99,4.94
255,Coos Bay,US,2022-09-26 03:32:53,43.3665,-124.2179,61.0,97,100,6.91
256,Saurimo,AO,2022-09-26 03:32:53,-9.6608,20.3916,64.74,76,99,3.0
257,Hofn,IS,2022-09-26 03:32:53,64.2539,-15.2082,40.82,51,0,20.98
258,Katobu,ID,2022-09-26 03:32:54,-4.9408,122.5276,90.57,45,35,1.72
259,Andenes,NO,2022-09-26 03:32:54,69.3143,16.1194,51.78,76,7,21.85
260,Beysehir,TR,2022-09-26 03:32:55,37.6773,31.7246,54.5,32,0,3.24
261,Cajazeiras,BR,2022-09-26 03:32:55,-6.8903,-38.5553,73.8,67,0,5.32
262,Te Anau,NZ,2022-09-26 03:32:55,-45.4167,167.7167,57.49,67,92,4.54
263,Takoradi,GH,2022-09-26 03:32:56,4.8845,-1.7554,74.17,93,24,7.29
264,Ambon,ID,2022-09-26 03:33:56,-3.6954,128.1814,84.34,79,40,4.61
265,Lodja,CD,2022-09-26 03:33:57,-3.4833,23.4333,67.51,93,92,1.54
266,Sangin,AF,2022-09-26 03:33:57,32.0728,64.8359,80.22,6,0,4.45
267,Tandil,AR,2022-09-26 03:33:57,-37.3217,-59.1332,49.68,80,100,5.44
268,Taman,RU,2022-09-26 03:33:58,45.2117,36.7161,64.56,64,46,10.58
269,Tonila,MX,2022-09-26 03:33:58,19.4336,-103.5166,65.28,95,18,2.39
270,Otorohanga,NZ,2022-09-26 03:33:58,-38.1833,175.2,60.19,57,73,7.36
271,Souillac,MU,2022-09-26 03:33:59,-20.5167,57.5167,70.18,88,40,16.11
272,Katsuura,JP,2022-09-26 03:33:59,35.1333,140.3,77.61,66,3,8.57
273,Haapiti,PF,2022-09-26 03:33:59,-17.5667,-149.8667,82.13,75,3,19.8
274,Clyde River,CA,2022-09-26 03:34:00,70.4692,-68.5914,32.23,93,0,0.0
275,Broome,US,2022-09-26 03:34:00,42.2506,-75.833,58.01,87,0,5.75
276,Russell,US,2022-09-26 03:34:00,32.3502,-85.1999,74.8,100,0,0.0
277,Kalabo,ZM,2022-09-26 03:34:01,-14.97,22.6814,65.7,32,87,4.97
278,Port Macquarie,AU,2022-09-26 03:31:26,-31.4333,152.9167,68.9,67,94,8.14
279,Selma,US,2022-09-26 03:31:27,36.5708,-119.6121,86.34,39,40,0.0
280,Lavumisa,SZ,2022-09-26 03:34:01,-27.31,31.892,66.74,81,2,2.68
281,Pangody,RU,2022-09-26 03:34:02,65.85,74.4859,32.0,67,57,18.72
282,Zabol,AF,2022-09-26 03:34:02,32.25,67.25,69.01,9,0,3.2
283,Didi Lilo,GE,2022-09-26 03:34:02,41.7361,44.9647,46.18,81,0,10.36
284,Bani,DO,2022-09-26 03:34:03,18.2833,-70.3333,74.64,82,82,6.64
285,Ciudad Bolivar,VE,2022-09-26 03:34:03,8.1222,-63.5497,78.37,85,100,3.38
286,Fayaoue,NC,2022-09-26 03:34:03,-20.65,166.5333,77.61,75,0,8.93
287,Eresos,GR,2022-09-26 03:34:04,39.1667,25.9333,65.5,52,27,6.33
288,Moisei,RO,2022-09-26 03:34:04,47.6556,24.5401,47.98,83,100,1.95
289,Itamarandiba,BR,2022-09-26 03:34:04,-17.8572,-42.8589,57.31,97,30,2.98
290,Lempaala,FI,2022-09-26 03:34:05,61.3167,23.75,42.42,93,0,4.61
291,Doha,QA,2022-09-26 03:31:01,25.2867,51.5333,87.78,74,2,6.91
292,Rudbar,AF,2022-09-26 03:34:05,30.15,62.6,77.77,17,1,8.46
293,Chuy,UY,2022-09-26 03:34:06,-33.6971,-53.4616,58.08,91,100,13.29
294,Roald,NO,2022-09-26 03:34:06,62.5833,6.1333,52.32,87,100,8.05
295,Cockburn Town,TC,2022-09-26 03:34:06,21.4612,-71.1419,82.51,80,10,19.26
296,Yumen,CN,2022-09-26 03:34:07,40.2833,97.2,74.23,9,99,8.28
297,Marawi,PH,2022-09-26 03:34:07,7.9986,124.2928,81.99,56,76,8.93
298,Villeneuve-Sur-Lot,FR,2022-09-26 03:34:07,44.5,0.6667,45.72,93,1,3.76
299,Jalu,LY,2022-09-26 03:34:08,29.0331,21.5482,71.83,69,0,6.46
300,Jaen,ES,2022-09-26 03:34:08,38.0,-3.5,57.25,77,0,3.18
301,Mapiripan,CO,2022-09-26 03:34:09,2.8892,-72.1256,75.27,80,70,2.06
302,Castro,BR,2022-09-26 03:34:09,-24.7911,-50.0119,49.82,93,99,6.82
303,Khorixas,NA,2022-09-26 03:34:09,-20.3667,14.9667,55.08,42,53,1.88
304,Varfurile,RO,2022-09-26 03:34:10,46.3167,22.5167,55.35,86,100,3.56
305,Coihaique,CL,2022-09-26 03:32:47,-45.5752,-72.0662,43.41,87,100,6.91
306,Wanning,CN,2022-09-26 03:34:10,18.8003,110.3967,83.39,74,100,11.65
307,Saint George,US,2022-09-26 03:31:43,37.1041,-113.5841,81.95,18,0,3.0
308,Bilibino,RU,2022-09-26 03:34:11,68.0546,166.4372,33.1,48,58,7.16
309,Darhan,MN,2022-09-26 03:34:11,49.4867,105.9228,57.18,43,100,10.27
310,Kefamenanu,ID,2022-09-26 03:34:11,-9.4467,124.4781,94.6,25,73,8.08
311,Longyearbyen,SJ,2022-09-26 03:34:12,78.2186,15.6401,44.44,76,40,13.8
312,Komsomolskiy,UZ,2022-09-26 03:35:12,40.4272,71.7189,75.92,20,0,6.91
313,Fare,PF,2022-09-26 03:35:13,-16.7,-151.0167,78.31,76,12,20.83
314,Portland,US,2022-09-26 03:30:44,45.5234,-122.6762,79.79,53,20,3.44
315,Tineo,ES,2022-09-26 03:35:13,43.3376,-6.4145,48.63,90,37,3.02
316,Mugur-Aksy,RU,2022-09-26 03:35:13,50.35,90.5,55.4,33,100,11.43
317,Sogamoso,CO,2022-09-26 03:35:14,5.7143,-72.9339,49.96,90,100,1.74
318,Mayachnyy,RU,2022-09-26 03:35:14,52.6839,55.685,47.26,87,97,8.88
319,Baniachang,BD,2022-09-26 03:35:15,24.5167,91.3667,83.61,78,95,3.8
320,Narsaq,GL,2022-09-26 03:35:15,60.9167,-46.05,52.02,99,100,3.38
321,Trzebnica,PL,2022-09-26 03:35:15,51.3108,17.0633,55.27,97,71,4.59
322,Nova Odesa,UA,2022-09-26 03:35:16,47.3078,31.7851,56.64,91,99,7.31
323,Araouane,ML,2022-09-26 03:35:16,18.9048,-3.5265,92.14,26,6,8.12
324,Rasra,IN,2022-09-26 03:35:16,25.85,83.85,86.74,63,88,1.88
325,Bridgetown,BB,2022-09-26 03:35:17,13.1,-59.6167,82.89,83,40,17.27
326,Sao Miguel Do Araguaia,BR,2022-09-26 03:35:17,-13.275,-50.1628,74.19,72,98,3.49
327,Chicama,PE,2022-09-26 03:35:17,-7.8447,-79.1469,57.74,83,96,6.4
328,Payo,ID,2022-09-26 03:35:18,-3.7508,103.6372,89.64,54,71,2.84
329,Tadine,NC,2022-09-26 03:35:18,-21.55,167.8833,78.35,72,27,5.95
330,Vostok,RU,2022-09-26 03:35:18,46.4856,135.8833,63.16,59,18,11.1
331,Ustka,PL,2022-09-26 03:35:19,54.5805,16.8619,49.64,88,25,13.22
332,Iglesias,IT,2022-09-26 03:35:19,39.3114,8.535,65.93,90,100,3.29
333,Kutum,SD,2022-09-26 03:35:19,14.2,24.6667,73.35,63,45,8.9
334,Kloulklubed,PW,2022-09-26 03:35:20,7.0419,134.2556,84.7,72,100,10.11
335,Gemena,CD,2022-09-26 03:35:20,3.25,19.7667,69.3,98,100,1.07
336,Marbella,ES,2022-09-26 03:35:20,36.5154,-4.8858,68.25,100,51,9.55
337,Kavaratti,IN,2022-09-26 03:35:21,10.5669,72.642,81.99,73,20,14.18
338,Neiafu,TO,2022-09-26 03:35:21,-18.65,-173.9833,77.68,88,75,6.91
339,Arkhangelsk,RU,2022-09-26 03:35:22,64.5401,40.5433,42.91,86,100,6.71
340,Port Hueneme,US,2022-09-26 03:33:34,34.1478,-119.1951,81.79,87,0,9.22
341,Mago,RU,2022-09-26 03:35:22,53.2514,140.1822,58.14,69,100,8.52
342,Wamba,NG,2022-09-26 03:35:22,8.9333,8.6,70.92,98,100,1.52
343,Ismailia,EG,2022-09-26 03:35:23,30.6043,32.2723,72.91,72,0,9.44
344,Saint-Francois,FR,2022-09-26 03:35:23,46.4154,3.9054,46.67,100,100,2.3
345,Sharjah,AE,2022-09-26 03:35:23,25.3573,55.4033,87.78,94,0,4.61
346,Port Moresby,PG,2022-09-26 03:35:24,-9.4431,147.1797,89.02,70,40,17.27
347,Gravdal,NO,2022-09-26 03:35:24,68.1214,13.5031,58.89,51,0,20.71
348,Kropotkin,RU,2022-09-26 03:35:24,45.4375,40.5756,51.71,82,56,6.53
349,Westport,US,2022-09-26 03:35:25,41.1415,-73.3579,64.45,89,100,10.36
350,Penzance,GB,2022-09-26 03:35:25,50.1186,-5.5371,57.88,91,100,28.16
351,Porto Novo,BJ,2022-09-26 03:35:25,6.4965,2.6036,78.62,89,100,7.11
352,Zyryanka,RU,2022-09-26 03:35:26,65.75,150.85,43.0,47,17,6.29
353,Srednekolymsk,RU,2022-09-26 03:35:26,67.45,153.6833,39.92,51,65,9.86
354,Yar-Sale,RU,2022-09-26 03:35:27,66.8333,70.8333,31.51,76,16,14.72
355,Benguela,AO,2022-09-26 03:35:27,-12.5763,13.4055,68.76,88,82,2.37
356,Aborlan,PH,2022-09-26 03:35:27,9.4352,118.5492,82.47,74,99,7.87
357,Nsanje,MW,2022-09-26 03:35:28,-16.92,35.262,75.96,70,77,2.98
358,Carnarvon,AU,2022-09-26 03:36:28,-24.8667,113.6333,75.15,37,0,16.58
359,Garissa,KE,2022-09-26 03:36:28,-0.4536,39.6401,75.69,77,77,17.31
360,Nichinan,JP,2022-09-26 03:36:29,31.6,131.3667,78.48,68,36,5.32
361,Lavrentiya,RU,2022-09-26 03:36:30,65.5833,-171.0,37.45,98,100,11.1
362,Palana,RU,2022-09-26 03:36:30,59.1167,159.9667,44.56,57,100,15.73
363,Tautira,PF,2022-09-26 03:36:30,-17.7333,-149.15,76.86,80,38,19.55
364,Naze,JP,2022-09-26 03:36:31,28.3667,129.4833,83.32,74,13,9.01
365,Jonesboro,US,2022-09-26 03:34:45,35.8423,-90.7043,71.37,40,0,6.91
366,Walvis Bay,NA,2022-09-26 03:35:06,-22.9575,14.5053,52.75,93,0,3.44
367,Alofi,NU,2022-09-26 03:36:31,-19.0595,-169.9187,76.89,88,100,4.61
368,Huilong,CN,2022-09-26 03:36:31,31.8111,121.655,70.34,79,100,11.45
369,Bumba,CD,2022-09-26 03:36:32,2.1833,22.4667,69.01,98,100,1.41
370,Fairbanks,US,2022-09-26 03:35:15,64.8378,-147.7164,51.76,55,0,3.44
371,Hof,DE,2022-09-26 03:36:32,50.3167,11.9167,49.75,91,75,6.91
372,Henties Bay,NA,2022-09-26 03:36:33,-22.116,14.2845,54.18,83,48,6.8
373,Vao,NC,2022-09-26 03:36:33,-22.6667,167.4833,74.62,77,0,10.07
374,Qinhuangdao,CN,2022-09-26 03:36:33,39.9317,119.5883,73.54,44,0,6.53
375,Kuytun,RU,2022-09-26 03:36:34,54.3419,101.5036,37.76,94,100,10.98
376,Lima,PE,2022-09-26 03:36:34,-12.0432,-77.0282,58.89,83,100,10.36
377,Dudinka,RU,2022-09-26 03:36:34,69.4058,86.1778,25.63,72,39,18.45
378,Udankudi,IN,2022-09-26 03:36:35,8.4333,78.0167,86.18,60,89,5.73
379,Williams Lake,CA,2022-09-26 03:35:37,52.1415,-122.1445,67.57,62,20,3.44
380,Severo-Yeniseyskiy,RU,2022-09-26 03:36:35,60.3725,93.0408,28.98,82,100,4.61
381,Krasnoselkup,RU,2022-09-26 03:36:35,65.7,82.4667,28.18,67,100,14.92
382,Kandrian,PG,2022-09-26 03:36:36,-6.2167,149.55,85.23,67,68,7.23
383,Suffolk,US,2022-09-26 03:36:36,40.8668,-72.7996,68.86,87,100,8.05
384,Banda Aceh,ID,2022-09-26 03:36:37,5.5577,95.3222,85.35,63,100,9.71
385,Burnie,AU,2022-09-26 03:36:37,-41.0667,145.9167,53.94,71,99,3.89
386,Bowen,AU,2022-09-26 03:36:38,-20.0167,148.2333,78.69,59,3,13.67
387,Jacmel,HT,2022-09-26 03:36:38,18.2342,-72.5347,82.24,83,100,3.4
388,Rawson,AR,2022-09-26 03:36:38,-43.3002,-65.1023,54.5,68,32,17.63
389,North Bend,US,2022-09-26 03:36:31,43.4065,-124.2243,60.93,97,100,6.91
390,Mubi,NG,2022-09-26 03:36:39,10.2676,13.2644,72.59,79,39,5.28
391,Dingle,PH,2022-09-26 03:36:39,10.9995,122.6711,78.4,92,98,13.8
392,Rodez,FR,2022-09-26 03:36:39,44.5,2.5833,50.31,100,100,4.61
393,Kalemie,CD,2022-09-26 03:36:40,-5.9475,29.1947,72.57,56,56,2.75
394,Solnechnyy,RU,2022-09-26 03:36:40,50.7214,136.6319,61.3,62,79,10.54
395,Rong Kwang,TH,2022-09-26 03:36:40,18.339,100.3174,81.45,76,50,3.29
396,Sri Aman,MY,2022-09-26 03:36:41,1.2376,111.4621,84.25,79,20,5.01
397,Okhotsk,RU,2022-09-26 03:36:41,59.3833,143.3,48.16,48,13,4.7
398,Porto Walter,BR,2022-09-26 03:36:41,-8.2686,-72.7439,77.79,65,72,1.88
399,Faya,SA,2022-09-26 03:36:42,18.3851,42.4509,62.71,28,0,7.54
400,Itupiranga,BR,2022-09-26 03:34:58,-5.1347,-49.3267,75.52,91,17,3.13
401,Alice Springs,AU,2022-09-26 03:33:46,-23.7,133.8833,78.22,26,40,9.22
402,Port-Gentil,GA,2022-09-26 03:36:43,-0.7193,8.7815,76.59,85,100,15.82
403,Praia,CV,2022-09-26 03:36:43,14.9215,-23.5087,75.74,83,20,5.75
404,Saint-Junien,FR,2022-09-26 03:36:43,45.8833,0.9,50.85,98,56,0.29
405,Manadhoo,MV,2022-09-26 03:36:44,5.7667,73.3833,82.42,73,85,10.0
406,Witu,KE,2022-09-26 03:36:44,-2.3889,40.4382,77.16,86,40,11.1
407,Havre-Saint-Pierre,CA,2022-09-26 03:37:44,50.2334,-63.5986,44.6,93,0,4.61
408,Fortuna,US,2022-09-26 03:37:45,40.5982,-124.1573,58.35,85,2,3.6
409,Hay River,CA,2022-09-26 03:37:45,60.8156,-115.7999,46.38,76,75,1.14
410,Esperance,AU,2022-09-26 03:37:45,-33.8667,121.9,61.02,65,94,7.72
411,Qaqortoq,GL,2022-09-26 03:37:46,60.7167,-46.0333,45.55,98,100,2.21
412,Kolpashevo,RU,2022-09-26 03:37:46,58.3131,82.9089,34.68,67,100,8.72
413,Gisborne,NZ,2022-09-26 03:37:46,-38.6533,178.0042,56.39,61,99,8.52
414,Guacamaya,HN,2022-09-26 03:37:47,15.0167,-88.15,66.81,99,91,0.6
415,Igarka,RU,2022-09-26 03:37:47,67.4667,86.5833,33.44,65,29,12.75
416,Zhuhai,CN,2022-09-26 03:35:29,22.2769,113.5678,93.85,74,20,6.91
417,Saint-Pierre,RE,2022-09-26 03:37:48,-21.3393,55.4781,69.48,60,0,6.91
418,Saskylakh,RU,2022-09-26 03:37:48,71.9167,114.0833,33.98,72,100,16.93
419,Daru,PG,2022-09-26 03:37:48,-9.0763,143.2092,83.34,78,100,13.89
420,Santa Maria,BR,2022-09-26 03:34:23,-29.6842,-53.8069,58.3,94,75,2.3
421,Shelburne,CA,2022-09-26 03:33:12,44.0787,-80.2041,52.75,98,66,10.22
422,Leningradskiy,RU,2022-09-26 03:37:49,69.3833,178.4167,33.49,93,100,7.38
423,Barra Patuca,HN,2022-09-26 03:37:49,15.8,-84.2833,78.39,85,75,8.37
424,Waipawa,NZ,2022-09-26 03:37:50,-41.4122,175.5153,54.84,66,100,11.68
425,Marzuq,YE,2022-09-26 03:37:50,14.4,46.4667,79.02,35,28,2.37
426,Port Shepstone,ZA,2022-09-26 03:37:50,-30.7414,30.455,69.04,83,50,13.24
427,Luang Prabang,LA,2022-09-26 03:37:51,19.8856,102.1347,84.16,61,20,4.61
428,Black Forest,US,2022-09-26 03:37:51,39.0131,-104.7008,56.84,51,0,8.05
429,Kahului,US,2022-09-26 03:33:12,20.8947,-156.47,89.62,62,40,11.01
430,Ferzikovo,RU,2022-09-26 03:37:52,54.5191,36.7567,42.44,96,100,7.36
431,Lebowakgomo,ZA,2022-09-26 03:37:52,-24.2,29.5,57.65,32,0,4.61
432,Pervomayskoye,RU,2022-09-26 03:37:52,43.919,46.7102,60.01,51,34,1.34
433,Whitehorse,CA,2022-09-26 03:33:02,60.7161,-135.0538,50.77,62,100,10.36
434,Carbonia,IT,2022-09-26 03:37:53,39.1672,8.5222,67.15,86,100,4.94
435,Flagstaff,US,2022-09-26 03:37:54,35.1981,-111.6513,65.86,44,0,3.44
436,Verdun,FR,2022-09-26 03:37:54,49.25,5.3333,46.42,94,90,6.2
437,Dabhol,IN,2022-09-26 03:37:55,17.6,73.1667,79.12,78,74,1.23
438,Dwarka,IN,2022-09-26 03:37:55,22.2394,68.9678,81.57,66,67,6.93
439,Pafos,CY,2022-09-26 03:37:55,34.7667,32.4167,65.98,59,0,8.05
440,Bethel,US,2022-09-26 03:37:56,41.3712,-73.414,63.19,86,68,1.01
441,Changqing,CN,2022-09-26 03:37:56,36.5575,116.7272,81.18,28,0,7.58
442,Nyurba,RU,2022-09-26 03:37:56,63.2842,118.3319,34.68,70,83,7.36
443,Quatre Cocos,MU,2022-09-26 03:37:57,-20.2078,57.7625,73.09,78,33,18.75
444,Mitsamiouli,KM,2022-09-26 03:37:57,-11.3847,43.2844,77.29,73,40,8.05
445,Odweyne,SO,2022-09-26 03:37:58,9.4092,45.064,72.63,60,11,13.53
446,Cap Malheureux,MU,2022-09-26 03:37:58,-19.9842,57.6142,73.47,71,12,8.01
447,Amahai,ID,2022-09-26 03:37:59,-3.3333,128.9167,81.84,73,99,5.37
448,Kalinovskaya,RU,2022-09-26 03:37:59,43.5758,45.5192,45.68,55,10,1.48
449,Peterhead,GB,2022-09-26 03:37:59,57.5058,-1.7981,48.6,73,83,32.73
450,Juba,SS,2022-09-26 03:37:59,4.8517,31.5825,68.58,93,7,2.82
451,Gresham,US,2022-09-26 03:37:03,45.4982,-122.4315,78.44,54,20,3.44
452,Prainha,BR,2022-09-26 03:38:00,-1.8,-53.48,79.63,63,7,5.97
453,Macamic,CA,2022-09-26 03:39:00,48.7502,-78.9996,48.83,80,100,3.11
454,Sakaiminato,JP,2022-09-26 03:39:01,35.55,133.2333,78.78,61,75,6.91
455,Nata,PA,2022-09-26 03:39:01,8.3333,-80.5167,75.47,93,100,6.87
456,Talas,TR,2022-09-26 03:39:01,38.6908,35.5538,39.87,87,0,3.44
457,Kamaishi,JP,2022-09-26 03:39:02,39.2667,141.8833,72.73,64,97,3.33
458,Bastia,FR,2022-09-26 03:39:02,42.6667,9.3333,67.3,75,75,5.75
459,Mukhen,RU,2022-09-26 03:39:02,48.1,136.1,62.56,70,73,10.71
460,Ucluelet,CA,2022-09-26 03:39:02,48.9329,-125.5528,58.08,88,76,5.14
461,Skjervoy,NO,2022-09-26 03:39:03,70.0311,20.9714,48.2,76,0,22.53
462,Kamennogorsk,RU,2022-09-26 03:39:03,60.9545,29.1339,45.28,98,99,3.13
463,Tazovskiy,RU,2022-09-26 03:39:04,67.4667,78.7,30.11,70,47,19.3
464,Beringovskiy,RU,2022-09-26 03:39:04,63.05,179.3167,38.68,55,4,14.76
465,Shimoda,JP,2022-09-26 03:39:04,34.6667,138.95,78.1,77,44,5.82
466,Padang,ID,2022-09-26 03:39:05,-0.9492,100.3543,86.05,67,98,4.14
467,Nkayi,CG,2022-09-26 03:39:05,-4.1841,13.2884,75.0,76,80,4.03
468,Deputatskiy,RU,2022-09-26 03:39:05,69.3,139.9,23.7,91,100,5.08
469,Beyneu,KZ,2022-09-26 03:39:06,45.3167,55.2,59.92,51,0,12.93
470,Pemangkat,ID,2022-09-26 03:39:06,1.1667,108.9667,79.93,81,100,4.68
471,Sabha,LY,2022-09-26 03:39:07,27.0377,14.4283,77.18,33,1,11.34
472,Gunjur,GM,2022-09-26 03:39:07,13.2019,-16.7339,78.98,80,100,5.26
473,Auki,SB,2022-09-26 03:39:07,-8.7676,160.7034,82.67,74,98,1.9
474,Port-Cartier,CA,2022-09-26 03:39:08,50.0334,-66.8654,42.48,72,97,3.83
475,Sioux Lookout,CA,2022-09-26 03:39:08,50.1001,-91.917,50.07,81,75,11.5
476,Linqiong,CN,2022-09-26 03:39:08,30.4159,103.4609,69.62,92,100,0.43
477,Oranjemund,NA,2022-09-26 03:39:09,-28.55,16.4333,52.02,84,2,7.54
478,Lumphat,KH,2022-09-26 03:39:09,13.4878,106.9816,74.35,97,100,1.19
479,Nuuk,GL,2022-09-26 03:39:09,64.1835,-51.7216,45.21,93,75,4.61
480,Altay,CN,2022-09-26 03:39:10,47.8667,88.1167,69.89,25,14,6.15
481,Dawei,MM,2022-09-26 03:39:10,14.0833,98.2,79.93,86,100,1.79
482,Pimenta Bueno,BR,2022-09-26 03:39:10,-11.6725,-61.1936,78.87,55,0,2.73
483,Sivas,TR,2022-09-26 03:39:11,39.7916,37.0019,41.63,81,0,5.75
484,Mizdah,LY,2022-09-26 03:39:11,31.4451,12.9801,67.33,53,10,5.1
485,Doctor Arroyo,MX,2022-09-26 03:39:12,23.6667,-100.1833,65.43,70,77,3.78
486,Comodoro Rivadavia,AR,2022-09-26 03:38:15,-45.8667,-67.5,51.66,43,0,10.36
487,Taos,US,2022-09-26 03:39:12,36.4072,-105.5731,58.21,67,0,5.75
488,Rio Gallegos,AR,2022-09-26 03:39:13,-51.6226,-69.2181,48.25,43,40,19.57
489,Chizhou,CN,2022-09-26 03:39:13,30.6578,117.4831,71.2,70,100,6.33
490,Gat,IL,2022-09-26 03:39:13,31.61,34.7642,77.4,52,0,3.78
491,Parabel,RU,2022-09-26 03:39:14,58.6978,81.4825,33.8,72,99,9.1
492,Sinnamary,GF,2022-09-26 03:39:14,5.3833,-52.95,78.33,85,0,11.14
493,Lagoa,PT,2022-09-26 03:39:14,39.05,-27.9833,69.84,65,100,20.07
494,Ketchikan,US,2022-09-26 03:39:15,55.3422,-131.6461,57.67,94,100,11.5
495,Tessalit,ML,2022-09-26 03:39:15,20.1986,1.0114,88.02,22,60,7.45
496,Samana,DO,2022-09-26 03:39:15,19.2056,-69.3369,77.72,88,41,6.17
497,Marica,BR,2022-09-26 03:39:16,-22.9194,-42.8186,69.71,86,5,11.03
498,Muscatine,US,2022-09-26 03:39:16,41.4667,-91.1335,60.64,41,0,10.36
499,Tikhvin,RU,2022-09-26 03:40:16,59.6451,33.5294,43.21,92,100,0.63
500,Dzhebariki-Khaya,RU,2022-09-26 03:40:17,62.2167,135.8,39.83,95,100,2.66
501,Lodingen,NO,2022-09-26 03:40:17,68.414,15.9951,55.35,79,22,8.28
502,Mastic Beach,US,2022-09-26 03:40:17,40.7668,-72.8521,69.94,85,100,8.05
503,Barcelos,PT,2022-09-26 03:40:18,41.5388,-8.6151,59.68,70,0,5.32
504,Eyl,SO,2022-09-26 03:40:18,7.9803,49.8164,78.31,76,31,19.37
505,Riyadh,SA,2022-09-26 03:36:36,24.6877,46.7219,78.94,32,3,15.86
506,Sarahan,IN,2022-09-26 03:40:19,31.5167,77.8,64.26,68,32,4.09
507,Lata,PT,2022-09-26 03:40:19,40.1629,-8.3327,57.92,53,0,7.29
508,Nemuro,JP,2022-09-26 03:40:19,43.3236,145.575,64.51,79,100,2.93
509,Nishihara,JP,2022-09-26 03:40:20,26.1842,127.7558,89.26,72,75,11.5
510,Talara,PE,2022-09-26 03:40:20,-4.5772,-81.2719,63.5,81,49,15.84
511,Bilma,NE,2022-09-26 03:40:21,18.6853,12.9164,85.87,19,10,10.4
512,Menongue,AO,2022-09-26 03:40:21,-14.6585,17.691,66.15,69,51,5.66
513,Ballina,AU,2022-09-26 03:40:21,-28.8667,153.5667,76.01,70,100,8.25
514,Pascagoula,US,2022-09-26 03:40:22,30.3658,-88.5561,78.85,95,0,0.0
515,Tezu,IN,2022-09-26 03:40:22,27.9167,96.1667,79.27,75,94,1.86
516,Shanhetun,CN,2022-09-26 03:40:22,44.7,127.2,64.56,41,0,4.99
517,Aksarka,RU,2022-09-26 03:40:23,66.5606,67.7975,31.03,74,26,11.18
518,Indi,IN,2022-09-26 03:40:23,17.1667,75.9667,80.47,67,76,12.59
519,Dumai,ID,2022-09-26 03:40:24,1.6833,101.45,86.38,64,96,3.78
520,Hambantota,LK,2022-09-26 03:40:24,6.1241,81.1185,86.34,70,100,4.61
521,Pashiya,RU,2022-09-26 03:40:24,58.4324,58.2562,32.83,81,100,16.26
522,Alghero,IT,2022-09-26 03:40:25,40.5589,8.3181,68.63,78,100,6.04
523,Cowra,AU,2022-09-26 03:40:25,-33.8333,148.6833,61.79,64,100,1.86
524,Altamira,BR,2022-09-26 03:40:25,-3.2033,-52.2064,72.5,88,17,3.71
525,Nikel,RU,2022-09-26 03:40:26,69.4128,30.222,32.18,88,100,4.68
526,Iguai,BR,2022-09-26 03:40:26,-14.7564,-40.0892,67.39,97,100,2.89
527,Santa Fe,AR,2022-09-26 03:40:26,-31.6333,-60.7,61.02,61,69,4.0
528,Taoudenni,ML,2022-09-26 03:40:27,22.6783,-3.9836,92.46,24,100,4.52
529,Joshimath,IN,2022-09-26 03:40:27,30.5667,79.5667,70.79,64,2,4.09
530,Putineiu,RO,2022-09-26 03:40:27,43.9,25.7333,59.14,47,98,2.53
531,Margate,GB,2022-09-26 03:40:28,51.3813,1.3862,54.3,77,100,1.01
532,Murom,RU,2022-09-26 03:40:28,55.5656,42.0417,45.43,89,100,6.67
533,Tukums,LV,2022-09-26 03:40:28,56.9669,23.1553,43.95,94,54,5.14
534,Biak,ID,2022-09-26 03:40:29,-0.9131,122.8766,84.4,56,26,8.97
535,Stabat,ID,2022-09-26 03:40:29,3.761,98.4513,86.2,58,96,2.37
536,Tiarei,PF,2022-09-26 03:40:30,-17.5333,-149.3333,82.42,79,16,20.76
537,Helsinki,FI,2022-09-26 03:38:19,60.1695,24.9355,46.76,89,75,5.75
538,Tarrega,ES,2022-09-26 03:40:30,41.647,1.1396,51.98,81,13,1.48
539,Matara,LK,2022-09-26 03:40:30,5.9485,80.5353,81.3,79,99,11.1
540,Vryburg,ZA,2022-09-26 03:40:31,-26.9566,24.7284,60.33,36,77,8.1
541,Cascioarele,RO,2022-09-26 03:40:31,44.1261,26.4697,62.4,43,100,4.54
542,Sokoto,NG,2022-09-26 03:40:32,13.0609,5.239,80.11,64,58,7.38
543,Madison Heights,US,2022-09-26 03:40:32,42.4859,-83.1052,55.81,86,0,4.61
544,Parana,AR,2022-09-26 03:41:00,-31.732,-60.5238,60.57,60,69,3.8
545,Ilo,PE,2022-09-26 03:41:32,-17.6394,-71.3375,58.96,82,12,9.33
546,Half Moon Bay,US,2022-09-26 03:41:33,37.4636,-122.4286,67.91,84,100,16.11
547,Manado,ID,2022-09-26 03:41:33,1.487,124.8455,90.37,55,40,4.61
548,Price,US,2022-09-26 03:41:33,39.5994,-110.8107,66.11,29,0,11.5
549,Carutapera,BR,2022-09-26 03:41:34,-1.195,-46.02,77.77,80,8,8.79
550,Majholi,IN,2022-09-26 03:41:34,23.5,79.9167,78.04,81,54,2.66
551,Thunder Bay,CA,2022-09-26 03:41:34,48.4001,-89.3168,51.78,82,100,10.36
552,Dinguiraye,GN,2022-09-26 03:41:35,11.3,-10.7167,67.91,98,100,1.5
553,Sao Jose Da Coroa Grande,BR,2022-09-26 03:41:35,-8.8978,-35.1478,73.78,82,4,9.04
